{
  "a": 1.2070866388486161,
  "b": -0.44660537771946013,
  "n": 106
}