{
  "a": 0.8516687545108379,
  "b": -0.109029231037874,
  "n": 34
}