{
  "a": 1.2037784032001377,
  "b": -0.5778305297826494,
  "n": 90
}