{
  "a": -0.5820480130621571,
  "b": -2.8213898127051023,
  "n": 30
}