{
  "a": 1.2381009534164482,
  "b": -0.48609441993247865,
  "n": 42
}