{
  "league": "nba",
  "weights": {
    "v2c": 0.0,
    "grok": 0.0,
    "gemini": 0.30000000000000004,
    "gpt": 0.7000000000000001
  },
  "cv_brier": 0.22743980465797764,
  "baseline_brier": {
    "v2c": 0.233708286615982,
    "grok": 0.23519576161966158,
    "gemini": 0.2286621284192438,
    "gpt": 0.23294681296481243
  },
  "n_games": 82,
  "n_dates": 20,
  "start_date": "20251119",
  "end_date": "20251211",
  "step": 0.05
}