{
  "ATL": {
    "efg": 0.5477331143036057,
    "tov": 0.1324066698309826,
    "orb": 0.26063489715725896,
    "ftr": 0.2556239183387727
  },
  "BKN": {
    "efg": 0.51741416706751,
    "tov": 0.13736405595077592,
    "orb": 0.2423551221135135,
    "ftr": 0.24267834902480023
  },
  "BOS": {
    "efg": 0.5618577799381598,
    "tov": 0.10739777270279041,
    "orb": 0.2558424397519852,
    "ftr": 0.21375433493918822
  },
  "CHA": {
    "efg": 0.5039484922405305,
    "tov": 0.13686550224050167,
    "orb": 0.2643012698098231,
    "ftr": 0.22484460555598765
  },
  "CHI": {
    "efg": 0.5544922854494121,
    "tov": 0.1268990823482427,
    "orb": 0.22288586523998508,
    "ftr": 0.21675370422751297
  },
  "CLE": {
    "efg": 0.5789728832627004,
    "tov": 0.11590517825996138,
    "orb": 0.2583481745605888,
    "ftr": 0.24394221817663123
  },
  "DAL": {
    "efg": 0.5508363802238606,
    "tov": 0.1255404933514073,
    "orb": 0.2342501113640353,
    "ftr": 0.2670024877869805
  },
  "DEN": {
    "efg": 0.5746145427039192,
    "tov": 0.12462712035282636,
    "orb": 0.2665565798549045,
    "ftr": 0.2626658452145593
  },
  "DET": {
    "efg": 0.548780819500136,
    "tov": 0.13016145657142741,
    "orb": 0.25945705677369457,
    "ftr": 0.25153757207419175
  },
  "GSW": {
    "efg": 0.5370703856058747,
    "tov": 0.12324711627695717,
    "orb": 0.27150942367174924,
    "ftr": 0.24807330019892015
  },
  "HOU": {
    "efg": 0.5228532896746589,
    "tov": 0.118527766550982,
    "orb": 0.314148732095815,
    "ftr": 0.2442736691336427
  },
  "IND": {
    "efg": 0.5622493143037851,
    "tov": 0.11765054323680023,
    "orb": 0.21155104000623745,
    "ftr": 0.2437829886010091
  },
  "LAC": {
    "efg": 0.5556037674667399,
    "tov": 0.13420269227251172,
    "orb": 0.24516066176534754,
    "ftr": 0.25336308986884704
  },
  "LAL": {
    "efg": 0.5577723131559039,
    "tov": 0.12708528979773984,
    "orb": 0.23011238686296526,
    "ftr": 0.27488981218985564
  },
  "MEM": {
    "efg": 0.5544037322682288,
    "tov": 0.1312636239054327,
    "orb": 0.2861889776142628,
    "ftr": 0.25263552876837686
  },
  "MIA": {
    "efg": 0.5449073402005499,
    "tov": 0.1245054787975209,
    "orb": 0.22085074331261925,
    "ftr": 0.23470955039986163
  },
  "MIL": {
    "efg": 0.5707960643849683,
    "tov": 0.12191647339285253,
    "orb": 0.1908091346744901,
    "ftr": 0.27261987432375306
  },
  "MIN": {
    "efg": 0.5565076749943708,
    "tov": 0.12999591531728175,
    "orb": 0.25569391447707646,
    "ftr": 0.2524860026778497
  },
  "NOP": {
    "efg": 0.5194177536430236,
    "tov": 0.1286568619069525,
    "orb": 0.2618807521156859,
    "ftr": 0.24639975547979528
  },
  "NYK": {
    "efg": 0.5573323517857001,
    "tov": 0.1188624570774436,
    "orb": 0.25691815805849444,
    "ftr": 0.2357347958323386
  },
  "OKC": {
    "efg": 0.5604994661735182,
    "tov": 0.10367011319815234,
    "orb": 0.2394929331622026,
    "ftr": 0.22232892122536566
  },
  "ORL": {
    "efg": 0.5111702534582143,
    "tov": 0.12908517539034448,
    "orb": 0.25248539373331425,
    "ftr": 0.2727276359342752
  },
  "PHI": {
    "efg": 0.5275200062362105,
    "tov": 0.12272401060333363,
    "orb": 0.23289881681945845,
    "ftr": 0.2602086551732965
  },
  "PHX": {
    "efg": 0.5619097901455083,
    "tov": 0.12867526991717212,
    "orb": 0.22306357009820835,
    "ftr": 0.24380941265541714
  },
  "POR": {
    "efg": 0.523528844274304,
    "tov": 0.13766783952259323,
    "orb": 0.2925598684105506,
    "ftr": 0.24841505110930528
  },
  "SAC": {
    "efg": 0.5490577126076996,
    "tov": 0.11839282948985154,
    "orb": 0.2535467978123956,
    "ftr": 0.2383280577328088
  },
  "SAS": {
    "efg": 0.5451195442004355,
    "tov": 0.1230275810651623,
    "orb": 0.24266982740408888,
    "ftr": 0.23544791569745682
  },
  "TOR": {
    "efg": 0.5245858874409933,
    "tov": 0.13260851210733662,
    "orb": 0.27103385814722,
    "ftr": 0.2362286868520651
  },
  "UTA": {
    "efg": 0.5353382404579166,
    "tov": 0.14881701016496196,
    "orb": 0.26585375585412807,
    "ftr": 0.25598381902836875
  },
  "WAS": {
    "efg": 0.5119986592828819,
    "tov": 0.13591356032962937,
    "orb": 0.22577154905442615,
    "ftr": 0.23237923226653678
  }
}