{
  "ATL": 1498.8658536585365,
  "BKN": 1492.8902439024391,
  "BOS": 1509.1097560975609,
  "CHA": 1490.8902439024391,
  "CHI": 1498.439024390244,
  "CLE": 1509.5365853658536,
  "DAL": 1498.8048780487804,
  "DEN": 1503.8902439024391,
  "DET": 1501.9024390243903,
  "GSW": 1503.3048780487804,
  "HOU": 1504.5121951219512,
  "IND": 1502.2317073170732,
  "LAC": 1504.658536585366,
  "LAL": 1501.219512195122,
  "MEM": 1504.8536585365853,
  "MIA": 1500.560975609756,
  "MIL": 1502.4756097560976,
  "MIN": 1505.0,
  "NOP": 1490.5731707317073,
  "NYK": 1504.0975609756097,
  "OKC": 1512.8658536585365,
  "ORL": 1499.878048780488,
  "PHI": 1493.7682926829268,
  "PHX": 1497.0,
  "POR": 1497.0243902439024,
  "SAC": 1500.4756097560976,
  "SAS": 1497.2439024390244,
  "TOR": 1495.7073170731708,
  "UTA": 1490.658536585366,
  "WAS": 1487.560975609756
}