{
  "DEN": 1561.2413236334778,
  "LAL": 1568.7694014481133,
  "GSW": 1572.0096018422162,
  "PHX": 1451.459668500968,
  "CHA": 1330.9470750060013,
  "ATL": 1491.8258796653558,
  "IND": 1590.0267482036584,
  "WAS": 1353.6368665927307,
  "NYK": 1549.576460658545,
  "BOS": 1643.2802688938445,
  "ORL": 1509.2089318815395,
  "HOU": 1564.4007352391945,
  "BKN": 1376.3205769789447,
  "CLE": 1612.8017825859015,
  "MIA": 1451.169011370137,
  "DET": 1508.9054527799365,
  "TOR": 1436.7624750718865,
  "MIN": 1586.7410202584035,
  "CHI": 1527.2891512042222,
  "OKC": 1687.5225443270317,
  "MEM": 1511.2303701847266,
  "NOP": 1375.6425980937393,
  "UTA": 1330.0812969227031,
  "SAC": 1491.7433532056737,
  "SAS": 1443.9056318885903,
  "DAL": 1461.6569058600091,
  "LAC": 1612.1113877877403,
  "POR": 1487.8929761935196,
  "MIL": 1572.1304610660743,
  "PHI": 1341.7851672809797
}