{
  "BUF": 1487.6840139310957,
  "PIT": 1453.1977378831155,
  "VGK": 1517.6627911330465,
  "COL": 1593.4734313223832,
  "CGY": 1472.9950710075896,
  "VAN": 1463.8645030195544,
  "SJS": 1520.4566901622813,
  "ANA": 1528.7335009070048,
  "SEA": 1439.1149201182602,
  "EDM": 1499.8718961533734,
  "WSH": 1517.166367569009,
  "BOS": 1550.084018045745,
  "TOR": 1477.3278541312002,
  "DET": 1528.027886210475,
  "TBL": 1520.7983458347198,
  "FLA": 1516.2532779660835,
  "NYR": 1473.240869390662,
  "NJD": 1489.7977471678375,
  "PHI": 1507.136215585716,
  "NYI": 1540.4563953189222,
  "STL": 1450.262113766407,
  "OTT": 1493.8190033406588,
  "UTA": 1476.3028312511822,
  "LAK": 1475.2729179377127,
  "CHI": 1439.3340750860677,
  "MIN": 1560.879453154365,
  "WPG": 1468.5880545407174,
  "NSH": 1480.7551758415239,
  "CAR": 1548.965270537067,
  "DAL": 1564.921242790835,
  "CBJ": 1456.8525114513573,
  "MTL": 1485.3856265257168
}