{
  "BUF": 1479.100166052272,
  "PIT": 1465.4356369653603,
  "VGK": 1516.2372988251732,
  "COL": 1592.6548127298074,
  "CGY": 1471.1243962710848,
  "VAN": 1450.80519787446,
  "SJS": 1507.3023655800146,
  "ANA": 1546.5051780516408,
  "SEA": 1447.3013841088093,
  "EDM": 1485.461449378738,
  "WSH": 1530.381803030377,
  "BOS": 1545.625236763904,
  "TOR": 1462.031138756634,
  "DET": 1521.3391502493355,
  "TBL": 1525.1804474895653,
  "FLA": 1515.758004283036,
  "NYR": 1481.128319962551,
  "NJD": 1496.252294264884,
  "PHI": 1498.7146381620357,
  "NYI": 1555.6522782458628,
  "STL": 1442.6422101333221,
  "OTT": 1493.3743788366596,
  "UTA": 1487.1051619854761,
  "LAK": 1474.5026968157256,
  "CHI": 1442.812510587282,
  "MIN": 1553.2727960081654,
  "WPG": 1471.0441899515722,
  "NSH": 1472.8449016230934,
  "CAR": 1554.1985415274328,
  "DAL": 1573.4789442019655,
  "CBJ": 1444.5693219610766,
  "MTL": 1496.163149322683
}