{
  "PIT": 1471.1506580237576,
  "DET": 1509.3712816803188,
  "NYR": 1484.7369229456433,
  "NJD": 1450.8560994323202,
  "MTL": 1482.9849624330416,
  "OTT": 1539.6792037143014,
  "BOS": 1411.265878112272,
  "PHI": 1436.3058755922782,
  "MIN": 1498.637987253845,
  "CHI": 1404.7121509922697,
  "STL": 1555.250933453638,
  "CBJ": 1523.4061245287132,
  "COL": 1543.030008240384,
  "VGK": 1553.8628263603018,
  "SJS": 1339.49026727256,
  "UTA": 1501.7791353604198,
  "CAR": 1526.2348153954913,
  "NSH": 1440.1152316278335,
  "TBL": 1500.8280334534281,
  "FLA": 1545.286809931,
  "WPG": 1591.5329574626926,
  "CGY": 1525.1847201409798,
  "SEA": 1473.0959979529716,
  "EDM": 1558.4763917709422,
  "ANA": 1459.7508446565223,
  "LAK": 1544.1808931735118,
  "TOR": 1590.2727954882414,
  "DAL": 1530.647215818537,
  "BUF": 1499.2037104514836,
  "NYI": 1447.086407732889,
  "VAN": 1483.7751723267586,
  "WSH": 1545.4543206977617
}